category,orders,revenue,avg_delivery_days
perfumery,1707,165730.09,14.0
watches_gifts,1670,163978.85,13.7
books,1631,159108.44,13.9
auto,1631,158687.18,14.1
baby,1610,155487.11,13.8
electronics,1634,154726.76,14.0
furniture,1578,154560.22,13.9
garden_tools,1593,153927.56,13.8
toys,1592,151488.2,14.0
health_beauty,1563,151130.27,13.7
computers,1550,147979.59,14.2
sports_leisure,1484,146021.01,13.9
pet_shop,1466,144097.84,14.3
bed_bath_table,1463,143334.78,13.9
housewares,1418,132524.86,14.1
unknown,524,50567.3,14.0
