cohort_month,months_since_first,cohort_size,active_customers,retention_pct
2017-01,0,986,986,100.0
2017-01,1,986,17,1.7
2017-01,2,986,25,2.5
2017-01,3,986,15,1.5
2017-01,4,986,27,2.7
2017-01,5,986,17,1.7
2017-01,6,986,22,2.2
2017-01,7,986,17,1.7
2017-01,8,986,16,1.6
2017-01,9,986,15,1.5
2017-01,10,986,22,2.2
2017-01,11,986,21,2.1
2017-01,12,986,22,2.2
2017-01,13,986,15,1.5
2017-01,14,986,13,1.3
2017-01,15,986,21,2.1
2017-01,16,986,9,0.9
2017-01,17,986,16,1.6
2017-01,18,986,23,2.3
2017-01,19,986,29,2.9
2017-02,0,871,871,100.0
2017-02,1,871,12,1.4
2017-02,2,871,13,1.5
2017-02,3,871,20,2.3
2017-02,4,871,25,2.9
2017-02,5,871,21,2.4
2017-02,6,871,18,2.1
2017-02,7,871,19,2.2
2017-02,8,871,15,1.7
2017-02,9,871,19,2.2
2017-02,10,871,16,1.8
2017-02,11,871,21,2.4
2017-02,12,871,18,2.1
2017-02,13,871,17,2.0
2017-02,14,871,9,1.0
2017-02,15,871,20,2.3
2017-02,16,871,21,2.4
2017-02,17,871,15,1.7
2017-02,18,871,22,2.5
2017-03,0,1005,1005,100.0
2017-03,1,1005,24,2.4
2017-03,2,1005,23,2.3
2017-03,3,1005,22,2.2
2017-03,4,1005,19,1.9
2017-03,5,1005,21,2.1
2017-03,6,1005,15,1.5
2017-03,7,1005,30,3.0
2017-03,8,1005,27,2.7
2017-03,9,1005,25,2.5
2017-03,10,1005,19,1.9
2017-03,11,1005,14,1.4
2017-03,12,1005,12,1.2
2017-03,13,1005,19,1.9
2017-03,14,1005,23,2.3
2017-03,15,1005,21,2.1
2017-03,16,1005,26,2.6
2017-03,17,1005,20,2.0
2017-04,0,889,889,100.0
2017-04,1,889,23,2.6
2017-04,2,889,14,1.6
2017-04,3,889,15,1.7
2017-04,4,889,13,1.5
2017-04,5,889,17,1.9
2017-04,6,889,19,2.1
2017-04,7,889,24,2.7
2017-04,8,889,16,1.8
2017-04,9,889,21,2.4
2017-04,10,889,23,2.6
2017-04,11,889,14,1.6
2017-04,12,889,21,2.4
2017-04,13,889,20,2.2
2017-04,14,889,13,1.5
2017-04,15,889,29,3.3
2017-04,16,889,22,2.5
2017-05,0,920,920,100.0
2017-05,1,920,18,2.0
2017-05,2,920,24,2.6
2017-05,3,920,21,2.3
2017-05,4,920,19,2.1
2017-05,5,920,10,1.1
2017-05,6,920,20,2.2
2017-05,7,920,14,1.5
2017-05,8,920,25,2.7
2017-05,9,920,16,1.7
2017-05,10,920,22,2.4
2017-05,11,920,17,1.8
2017-05,12,920,17,1.8
2017-05,13,920,16,1.7
2017-05,14,920,21,2.3
2017-05,15,920,20,2.2
2017-06,0,841,841,100.0
2017-06,1,841,18,2.1
2017-06,2,841,21,2.5
2017-06,3,841,15,1.8
2017-06,4,841,16,1.9
2017-06,5,841,15,1.8
2017-06,6,841,17,2.0
2017-06,7,841,23,2.7
2017-06,8,841,9,1.1
2017-06,9,841,17,2.0
2017-06,10,841,21,2.5
2017-06,11,841,22,2.6
2017-06,12,841,25,3.0
2017-06,13,841,24,2.9
2017-06,14,841,18,2.1
2017-07,0,865,865,100.0
2017-07,1,865,14,1.6
2017-07,2,865,16,1.8
2017-07,3,865,32,3.7
2017-07,4,865,21,2.4
2017-07,5,865,13,1.5
2017-07,6,865,17,2.0
2017-07,7,865,19,2.2
2017-07,8,865,22,2.5
2017-07,9,865,33,3.8
2017-07,10,865,18,2.1
2017-07,11,865,16,1.8
2017-07,12,865,14,1.6
2017-07,13,865,20,2.3
2017-08,0,791,791,100.0
2017-08,1,791,14,1.8
2017-08,2,791,23,2.9
2017-08,3,791,18,2.3
2017-08,4,791,12,1.5
2017-08,5,791,19,2.4
2017-08,6,791,23,2.9
2017-08,7,791,18,2.3
2017-08,8,791,21,2.7
2017-08,9,791,22,2.8
2017-08,10,791,22,2.8
2017-08,11,791,19,2.4
2017-08,12,791,15,1.9
2017-09,0,812,812,100.0
2017-09,1,812,14,1.7
2017-09,2,812,11,1.4
2017-09,3,812,23,2.8
2017-09,4,812,20,2.5
2017-09,5,812,18,2.2
2017-09,6,812,15,1.8
2017-09,7,812,23,2.8
2017-09,8,812,24,3.0
2017-09,9,812,20,2.5
2017-09,10,812,21,2.6
2017-09,11,812,17,2.1
2017-10,0,808,808,100.0
2017-10,1,808,14,1.7
2017-10,2,808,14,1.7
2017-10,3,808,28,3.5
2017-10,4,808,15,1.9
2017-10,5,808,19,2.4
2017-10,6,808,14,1.7
2017-10,7,808,14,1.7
2017-10,8,808,17,2.1
2017-10,9,808,21,2.6
2017-10,10,808,27,3.3
2017-11,0,757,757,100.0
2017-11,1,757,18,2.4
2017-11,2,757,18,2.4
2017-11,3,757,12,1.6
2017-11,4,757,14,1.8
2017-11,5,757,12,1.6
2017-11,6,757,24,3.2
2017-11,7,757,16,2.1
2017-11,8,757,14,1.8
2017-11,9,757,22,2.9
2017-12,0,752,752,100.0
2017-12,1,752,15,2.0
2017-12,2,752,18,2.4
2017-12,3,752,16,2.1
2017-12,4,752,21,2.8
2017-12,5,752,19,2.5
2017-12,6,752,16,2.1
2017-12,7,752,12,1.6
2017-12,8,752,18,2.4
2018-01,0,799,799,100.0
2018-01,1,799,16,2.0
2018-01,2,799,23,2.9
2018-01,3,799,21,2.6
2018-01,4,799,18,2.3
2018-01,5,799,38,4.8
2018-01,6,799,21,2.6
2018-01,7,799,25,3.1
2018-02,0,687,687,100.0
2018-02,1,687,22,3.2
2018-02,2,687,17,2.5
2018-02,3,687,19,2.8
2018-02,4,687,13,1.9
2018-02,5,687,24,3.5
2018-02,6,687,27,3.9
2018-03,0,714,714,100.0
2018-03,1,714,22,3.1
2018-03,2,714,22,3.1
2018-03,3,714,20,2.8
2018-03,4,714,23,3.2
2018-03,5,714,16,2.2
2018-04,0,684,684,100.0
2018-04,1,684,19,2.8
2018-04,2,684,18,2.6
2018-04,3,684,18,2.6
2018-04,4,684,22,3.2
2018-05,0,701,701,100.0
2018-05,1,701,18,2.6
2018-05,2,701,27,3.9
2018-05,3,701,15,2.1
2018-06,0,652,652,100.0
2018-06,1,652,17,2.6
2018-06,2,652,19,2.9
2018-07,0,634,634,100.0
2018-07,1,634,35,5.5
2018-08,0,590,590,100.0
