date_day,orders,items_sold,revenue,freight,late_deliveries,avg_order_value
2017-01-01,39,50,4825.01,1272.4,9,123.72
2017-01-02,29,41,4332.59,992.43,3,149.4
2017-01-03,32,38,3046.33,828.64,5,95.2
2017-01-04,43,52,5556.21,1276.45,14,129.21
2017-01-05,22,25,2288.39,591.38,6,104.02
2017-01-06,30,34,3398.2,673.84,7,113.27
2017-01-07,36,43,3700.09,977.41,13,102.78
2017-01-08,29,33,3806.28,671.03,8,131.25
2017-01-09,41,51,5622.22,1188.28,11,137.13
2017-01-10,36,56,5530.58,1205.39,18,153.63
2017-01-11,28,35,3355.3,733.61,7,119.83
2017-01-12,29,38,3427.25,850.45,10,118.18
2017-01-13,29,38,4436.95,861.97,8,153.0
2017-01-14,35,47,5176.58,1064.7,4,147.9
2017-01-15,29,42,4258.71,886.79,11,146.85
2017-01-16,29,41,3305.64,844.42,9,113.99
2017-01-17,34,48,4152.89,1161.25,10,122.14
2017-01-18,30,36,3785.56,743.81,13,126.19
2017-01-19,28,37,3941.34,891.56,8,140.76
2017-01-20,32,44,6153.42,1068.05,18,192.29
2017-01-21,35,47,3991.6,1053.75,4,114.05
2017-01-22,49,66,7484.08,1529.34,14,152.74
2017-01-23,26,32,3271.84,767.39,5,125.84
2017-01-24,30,39,4034.72,833.85,8,134.49
2017-01-25,40,51,5489.17,1134.81,12,137.23
2017-01-26,34,43,2903.12,926.66,10,85.39
2017-01-27,30,37,3470.96,877.72,5,115.7
2017-01-28,29,36,3012.25,779.91,8,103.87
2017-01-29,30,35,4133.85,782.74,7,137.8
2017-01-30,26,31,3601.53,782.59,5,138.52
2017-01-31,24,30,3050.43,646.37,4,127.1
2017-02-01,37,49,4514.13,1082.85,16,122.0
2017-02-02,36,49,4556.45,1040.26,10,126.57
2017-02-03,32,44,4057.75,933.64,18,126.8
2017-02-04,36,44,4658.62,966.64,10,129.41
2017-02-05,31,42,3920.19,892.88,9,126.46
2017-02-06,48,58,7094.22,1329.08,10,147.8
2017-02-07,32,41,3681.72,950.16,6,115.05
2017-02-08,24,29,2430.26,680.15,10,101.26
2017-02-09,22,32,2870.54,789.1,8,130.48
2017-02-10,33,40,3918.06,1013.18,7,118.73
2017-02-11,28,35,2665.89,804.29,6,95.21
2017-02-12,27,31,3373.94,708.0,7,124.96
2017-02-13,29,39,3824.83,962.0,9,131.89
2017-02-14,29,41,3668.17,882.79,7,126.49
2017-02-15,34,40,3386.51,848.36,10,99.6
2017-02-16,37,46,3536.47,1109.5,8,95.58
2017-02-17,30,40,4201.26,822.44,8,140.04
2017-02-18,29,34,2747.78,879.18,11,94.75
2017-02-19,32,39,3346.85,900.63,8,104.59
2017-02-20,38,51,5659.03,1224.87,9,148.92
2017-02-21,28,34,3036.33,742.79,6,108.44
2017-02-22,28,35,3439.36,776.5,8,122.83
2017-02-23,39,47,3690.15,1063.12,12,94.62
2017-02-24,29,39,3673.08,894.09,6,126.66
2017-02-25,25,32,2798.51,739.45,13,111.94
2017-02-26,31,34,3151.65,806.57,6,101.67
2017-02-27,31,40,3744.87,876.68,9,120.8
2017-02-28,39,49,5024.29,975.64,13,128.83
2017-03-01,28,31,2313.22,704.54,5,82.62
2017-03-02,33,38,4100.99,867.04,12,124.27
2017-03-03,42,52,4881.51,1236.29,12,116.23
2017-03-04,37,51,4481.45,1230.06,8,121.12
2017-03-05,34,39,4031.12,968.36,12,118.56
2017-03-06,30,39,3491.17,1011.92,5,116.37
2017-03-07,40,46,4322.62,1011.95,6,108.07
2017-03-08,34,45,4043.75,998.71,10,118.93
2017-03-09,36,44,4574.91,851.57,12,127.08
2017-03-10,43,53,5077.42,1239.01,14,118.08
2017-03-11,29,38,3471.61,805.12,13,119.71
2017-03-12,34,39,3521.27,826.16,7,103.57
2017-03-13,37,42,3643.71,859.74,9,98.48
2017-03-14,36,44,3894.09,1111.61,7,108.17
2017-03-15,30,37,4233.84,805.32,6,141.13
2017-03-16,18,20,2164.5,520.89,6,120.25
2017-03-17,37,41,4069.02,915.56,11,109.97
2017-03-18,36,39,3726.05,799.23,13,103.5
2017-03-19,43,49,4295.87,1106.14,10,99.9
2017-03-20,21,25,2047.69,503.38,3,97.51
2017-03-21,30,39,3617.71,780.05,7,120.59
2017-03-22,21,24,2471.2,550.33,4,117.68
2017-03-23,29,40,3583.46,844.64,3,123.57
2017-03-24,32,42,3875.17,968.38,13,121.1
2017-03-25,32,41,3866.68,869.19,11,120.83
2017-03-26,42,54,6229.59,1140.95,8,148.32
2017-03-27,39,47,4388.79,1014.37,8,112.53
2017-03-28,29,40,3529.21,888.2,8,121.7
2017-03-29,38,49,4068.87,1113.3,6,107.08
2017-03-30,49,63,5760.49,1382.92,11,117.56
2017-03-31,35,43,3980.51,988.14,13,113.73
2017-04-01,26,33,3687.66,672.13,12,141.83
2017-04-02,21,28,2493.68,675.09,4,118.75
2017-04-03,42,47,3812.17,1127.06,4,90.77
2017-04-04,36,40,3573.0,887.11,9,99.25
2017-04-05,24,26,2622.52,601.66,5,109.27
2017-04-06,41,49,4916.1,1254.68,20,119.9
2017-04-07,36,51,4282.03,1105.61,8,118.95
2017-04-08,36,45,3751.85,1034.26,5,104.22
2017-04-09,38,52,4993.63,1088.42,5,131.41
2017-04-10,37,43,4241.66,976.19,16,114.64
2017-04-11,34,42,3407.26,1020.37,10,100.21
2017-04-12,33,46,4776.31,925.41,14,144.74
2017-04-13,29,31,2960.88,638.09,10,102.1
2017-04-14,27,35,3096.56,752.73,11,114.69
2017-04-15,37,43,3867.09,1028.64,6,104.52
2017-04-16,31,40,3421.6,890.74,3,110.37
2017-04-17,42,56,5569.37,1260.31,15,132.6
2017-04-18,29,34,3263.92,740.92,5,112.55
2017-04-19,32,39,2936.08,881.75,6,91.75
2017-04-20,29,40,4077.02,928.57,4,140.59
2017-04-21,27,30,3004.14,698.33,4,111.26
2017-04-22,34,36,3287.02,809.93,6,96.68
2017-04-23,33,44,4225.33,1007.9,4,128.04
2017-04-24,26,34,3361.27,694.7,8,129.28
2017-04-25,28,38,4246.55,922.46,14,151.66
2017-04-26,24,24,2575.11,607.88,6,107.3
2017-04-27,28,33,2894.76,626.85,5,103.38
2017-04-28,29,35,3183.95,815.67,4,109.79
2017-04-29,36,43,4551.13,1040.49,4,126.42
2017-04-30,28,38,4045.0,892.03,11,144.46
2017-05-01,32,38,3927.13,875.08,12,122.72
2017-05-02,37,41,3776.56,985.25,7,102.07
2017-05-03,34,48,4257.36,963.65,13,125.22
2017-05-04,36,42,4189.82,866.83,9,116.38
2017-05-05,36,42,3939.02,937.24,8,109.42
2017-05-06,24,32,2886.09,747.06,11,120.25
2017-05-07,34,37,3703.96,868.33,8,108.94
2017-05-08,32,41,3321.11,837.53,15,103.78
2017-05-09,36,46,4786.58,1051.32,11,132.96
2017-05-10,29,36,3423.55,804.76,2,118.05
2017-05-11,39,48,4431.94,1105.38,11,113.64
2017-05-12,33,38,3982.42,977.65,12,120.68
2017-05-13,30,37,3861.05,835.4,5,128.7
2017-05-14,30,41,4747.82,936.42,6,158.26
2017-05-15,38,44,3999.76,972.88,8,105.26
2017-05-16,38,50,5086.65,1170.33,10,133.86
2017-05-17,34,45,4192.84,1015.35,12,123.32
2017-05-18,35,47,4386.48,1108.33,13,125.33
2017-05-19,31,41,3138.15,886.7,13,101.23
2017-05-20,37,49,4731.34,1001.02,6,127.87
2017-05-21,32,39,3684.37,870.61,6,115.14
2017-05-22,31,40,3381.19,934.3,14,109.07
2017-05-23,28,31,3007.41,663.42,5,107.41
2017-05-24,33,43,4042.23,859.32,14,122.49
2017-05-25,34,39,3358.02,744.41,7,98.77
2017-05-26,39,49,4139.2,1056.66,8,106.13
2017-05-27,33,40,3461.35,947.04,13,104.89
2017-05-28,38,47,4478.12,1013.74,8,117.85
2017-05-29,34,47,5194.53,1087.99,12,152.78
2017-05-30,27,34,2873.79,794.36,8,106.44
2017-05-31,22,33,3692.2,754.57,5,167.83
2017-06-01,39,49,4775.93,1090.71,8,122.46
2017-06-02,28,30,2462.22,708.37,7,87.94
2017-06-03,17,21,1707.05,534.06,6,100.41
2017-06-04,37,40,4706.5,964.94,8,127.2
2017-06-05,23,26,2801.46,599.22,5,121.8
2017-06-06,33,39,3372.35,848.83,8,102.19
2017-06-07,28,35,2974.01,698.91,5,106.21
2017-06-08,29,36,3188.66,859.46,10,109.95
2017-06-09,35,47,4034.87,1035.7,12,115.28
2017-06-10,40,49,4750.32,1249.29,10,118.76
2017-06-11,38,52,4243.49,1189.39,6,111.67
2017-06-12,35,49,4120.29,1168.27,17,117.72
2017-06-13,39,50,4111.87,1201.74,14,105.43
2017-06-14,37,45,4411.79,1045.88,9,119.24
2017-06-15,23,28,3296.47,676.81,4,143.32
2017-06-16,24,30,2631.95,732.03,3,109.66
2017-06-17,44,57,5904.06,1245.38,14,134.18
2017-06-18,37,45,3666.11,1074.88,9,99.08
2017-06-19,28,35,3693.86,809.7,11,131.92
2017-06-20,34,46,5074.55,1096.76,11,149.25
2017-06-21,27,39,3509.81,962.45,6,129.99
2017-06-22,27,35,2664.54,790.99,16,98.69
2017-06-23,33,39,3945.69,856.12,3,119.57
2017-06-24,22,29,1930.18,670.83,7,87.74
2017-06-25,34,45,4332.03,1036.37,7,127.41
2017-06-26,29,34,3784.75,732.41,5,130.51
2017-06-27,26,37,4026.25,820.68,6,154.86
2017-06-28,26,33,2959.49,770.96,5,113.83
2017-06-29,42,56,6037.96,1220.22,8,143.76
2017-06-30,33,41,4011.53,865.52,5,121.56
2017-07-01,32,41,3929.12,823.72,7,122.79
2017-07-02,42,50,4667.22,1029.05,7,111.12
2017-07-03,30,39,3724.43,754.84,6,124.15
2017-07-04,35,39,3372.89,827.93,8,96.37
2017-07-05,24,34,3151.41,684.38,5,131.31
2017-07-06,27,39,3210.35,887.67,7,118.9
2017-07-07,21,23,2230.92,553.31,4,106.23
2017-07-08,26,33,2409.95,795.6,11,92.69
2017-07-09,43,54,5108.11,1151.83,9,118.79
2017-07-10,39,46,3915.19,1090.07,11,100.39
2017-07-11,27,32,3355.82,804.49,15,124.29
2017-07-12,33,47,4416.54,1110.78,14,133.83
2017-07-13,33,45,4143.9,1019.79,8,125.57
2017-07-14,28,41,4033.64,933.19,12,144.06
2017-07-15,29,33,3032.07,734.3,7,104.55
2017-07-16,42,52,5825.62,1126.72,9,138.71
2017-07-17,38,52,4846.47,1269.2,14,127.54
2017-07-18,31,40,3717.27,859.54,6,119.91
2017-07-19,31,37,3312.4,820.23,6,106.85
2017-07-20,29,35,2893.77,711.14,10,99.79
2017-07-21,41,50,4233.93,1106.38,15,103.27
2017-07-22,26,32,2695.04,696.0,5,103.66
2017-07-23,29,35,3517.97,743.63,10,121.31
2017-07-24,26,29,2768.55,621.48,9,106.48
2017-07-25,37,48,5292.59,1213.72,9,143.04
2017-07-26,30,39,3894.16,898.49,8,129.81
2017-07-27,36,46,4577.15,1021.21,13,127.14
2017-07-28,31,36,3269.59,890.84,9,105.47
2017-07-29,26,31,2443.79,694.33,6,93.99
2017-07-30,30,38,3431.58,752.1,11,114.39
2017-07-31,41,53,4409.56,1108.74,14,107.55
2017-08-01,38,53,5156.39,1249.6,17,135.69
2017-08-02,32,39,3871.31,910.78,11,120.98
2017-08-03,35,40,4335.18,888.33,9,123.86
2017-08-04,27,33,3323.56,738.75,8,123.09
2017-08-05,28,33,3043.67,667.73,10,108.7
2017-08-06,35,45,4616.16,1059.9,12,131.89
2017-08-07,27,36,3440.7,757.87,6,127.43
2017-08-08,39,51,4279.61,1125.97,12,109.73
2017-08-09,35,45,3940.19,1006.86,10,112.58
2017-08-10,30,35,3096.74,785.51,7,103.22
2017-08-11,32,38,3821.38,857.01,9,119.42
2017-08-12,27,35,2987.72,814.05,5,110.66
2017-08-13,29,36,2987.7,818.32,2,103.02
2017-08-14,29,32,2855.18,693.1,4,98.45
2017-08-15,26,29,2451.0,730.18,7,94.27
2017-08-16,30,35,3746.28,754.73,4,124.88
2017-08-17,34,43,3901.81,954.58,7,114.76
2017-08-18,24,28,2757.51,646.77,7,114.9
2017-08-19,28,33,3228.86,678.33,4,115.32
2017-08-20,34,37,3669.06,753.7,3,107.91
2017-08-21,23,29,3053.48,636.51,6,132.76
2017-08-22,26,31,3279.15,697.6,6,126.12
2017-08-23,28,33,3203.89,750.09,9,114.42
2017-08-24,23,23,2764.24,516.86,2,120.18
2017-08-25,30,35,3315.07,761.16,9,110.5
2017-08-26,32,42,3596.33,1021.99,7,112.39
2017-08-27,35,42,5276.32,1017.4,7,150.75
2017-08-28,30,36,3736.59,764.39,8,124.55
2017-08-29,19,24,2378.25,574.91,3,125.17
2017-08-30,29,34,3458.51,756.05,7,119.26
2017-08-31,29,34,3201.12,622.94,2,110.38
2017-09-01,32,39,3714.97,848.79,3,116.09
2017-09-02,41,51,5070.62,1076.02,16,123.67
2017-09-03,27,31,3250.4,727.3,9,120.39
2017-09-04,42,54,4845.76,1260.75,8,115.38
2017-09-05,41,55,5353.17,1239.02,13,130.57
2017-09-06,29,31,3023.74,775.47,14,104.27
2017-09-07,32,46,4309.72,1053.78,18,134.68
2017-09-08,36,46,3977.74,1000.19,10,110.49
2017-09-09,30,32,2608.85,753.21,2,86.96
2017-09-10,36,46,4588.74,1073.33,8,127.47
2017-09-11,35,47,4519.04,1007.31,7,129.12
2017-09-12,25,31,3468.23,754.72,3,138.73
2017-09-13,24,27,3071.84,662.67,2,127.99
2017-09-14,27,36,3821.01,786.69,16,141.52
2017-09-15,26,31,2535.25,716.47,6,97.51
2017-09-16,34,44,3900.03,968.49,9,114.71
2017-09-17,37,45,4163.09,1020.12,14,112.52
2017-09-18,37,42,3602.22,877.39,10,97.36
2017-09-19,27,36,3830.18,799.9,3,141.86
2017-09-20,29,37,3555.53,766.03,9,122.6
2017-09-21,36,45,4721.77,1082.28,11,131.16
2017-09-22,33,42,4324.58,947.22,7,131.05
2017-09-23,33,42,3610.95,912.51,11,109.42
2017-09-24,28,33,3013.26,678.75,4,107.62
2017-09-25,33,42,3749.45,963.55,16,113.62
2017-09-26,28,32,2899.32,660.77,8,103.55
2017-09-27,19,26,2400.8,524.35,5,126.36
2017-09-28,30,39,3555.96,890.36,16,118.53
2017-09-29,31,39,3656.44,899.33,9,117.95
2017-09-30,35,42,4066.94,911.4,8,116.2
2017-10-01,29,38,3538.13,733.97,6,122.0
2017-10-02,32,39,4116.94,788.28,3,128.65
2017-10-03,27,35,3699.58,869.83,2,137.02
2017-10-04,30,38,3914.92,835.52,9,130.5
2017-10-05,39,47,5217.12,1046.18,15,133.77
2017-10-06,30,34,3461.69,733.31,7,115.39
2017-10-07,31,36,2972.45,821.98,10,95.89
2017-10-08,35,39,4309.88,914.9,8,123.14
2017-10-09,27,34,3111.49,800.81,7,115.24
2017-10-10,18,26,2047.63,628.23,6,113.76
2017-10-11,27,35,4054.15,704.9,9,150.15
2017-10-12,26,29,2391.93,596.18,7,92.0
2017-10-13,37,50,4152.08,1030.84,8,112.22
2017-10-14,32,44,3785.47,893.24,7,118.3
2017-10-15,32,40,3198.1,963.39,6,99.94
2017-10-16,34,39,3767.9,759.23,14,110.82
2017-10-17,37,44,4115.67,1043.06,15,111.23
2017-10-18,34,39,2801.12,895.81,9,82.39
2017-10-19,28,38,4333.69,804.79,10,154.77
2017-10-20,45,56,5262.46,1235.2,11,116.94
2017-10-21,35,43,4842.26,933.43,15,138.35
2017-10-22,25,29,2593.36,563.59,10,103.73
2017-10-23,39,49,4711.14,979.04,5,120.8
2017-10-24,26,32,3004.96,740.0,4,115.58
2017-10-25,43,62,4825.06,1354.4,19,112.21
2017-10-26,39,47,4732.18,1105.89,7,121.34
2017-10-27,30,35,3223.73,728.49,9,107.46
2017-10-28,29,36,2880.74,800.89,8,99.34
2017-10-29,32,38,4464.85,867.13,7,139.53
2017-10-30,33,42,4144.03,880.09,5,125.58
2017-10-31,32,36,3692.83,829.7,12,115.4
2017-11-01,25,30,3225.01,594.39,5,129.0
2017-11-02,42,55,5111.72,1176.68,11,121.71
2017-11-03,29,33,3114.89,818.16,5,107.41
2017-11-04,42,50,4522.93,1152.03,11,107.69
2017-11-05,39,49,4848.75,1162.5,6,124.33
2017-11-06,32,41,3644.46,997.23,12,113.89
2017-11-07,32,40,3577.7,900.59,10,111.8
2017-11-08,27,40,2860.16,856.01,11,105.93
2017-11-09,31,41,4031.89,769.89,12,130.06
2017-11-10,36,48,4872.35,988.22,12,135.34
2017-11-11,29,35,2920.57,872.69,7,100.71
2017-11-12,23,38,3197.44,952.15,6,139.02
2017-11-13,28,34,3274.31,803.76,8,116.94
2017-11-14,33,36,3057.03,890.35,7,92.64
2017-11-15,35,43,4507.02,997.85,7,128.77
2017-11-16,22,34,3214.17,732.95,4,146.1
2017-11-17,30,41,4066.59,913.61,8,135.55
2017-11-18,43,55,5143.59,1257.79,16,119.62
2017-11-19,30,36,3382.87,770.17,6,112.76
2017-11-20,33,36,3770.44,867.49,13,114.26
2017-11-21,26,38,3208.64,820.49,7,123.41
2017-11-22,36,47,4528.77,1003.19,16,125.8
2017-11-23,24,34,3752.59,717.9,7,156.36
2017-11-24,31,42,4076.15,918.67,15,131.49
2017-11-25,41,47,4785.74,1165.04,12,116.73
2017-11-26,36,45,3834.79,1048.02,10,106.52
2017-11-27,28,35,3207.89,689.95,8,114.57
2017-11-28,40,58,5757.76,1303.4,10,143.94
2017-11-29,24,29,3124.05,636.8,5,130.17
2017-11-30,26,30,2128.98,750.14,5,81.88
2017-12-01,28,35,3125.23,818.77,4,111.62
2017-12-02,32,39,3750.76,857.28,9,117.21
2017-12-03,25,32,2647.45,725.62,11,105.9
2017-12-04,23,27,2478.73,551.87,3,107.77
2017-12-05,40,51,5200.05,1183.31,10,130.0
2017-12-06,37,44,4189.75,997.49,12,113.24
2017-12-07,26,35,3728.34,769.43,2,143.4
2017-12-08,33,42,3639.31,957.04,4,110.28
2017-12-09,22,29,2922.86,628.64,5,132.86
2017-12-10,38,47,5012.8,1122.46,9,131.92
2017-12-11,40,51,4052.49,1170.55,19,101.31
2017-12-12,32,40,3627.58,714.01,11,113.36
2017-12-13,33,39,3148.02,908.63,9,95.39
2017-12-14,31,35,3131.8,784.39,8,101.03
2017-12-15,31,39,3933.1,897.3,7,126.87
2017-12-16,25,30,2659.1,693.18,4,106.36
2017-12-17,28,42,3491.38,920.09,4,124.69
2017-12-18,32,44,3814.77,1062.65,9,119.21
2017-12-19,27,33,3014.5,705.44,14,111.65
2017-12-20,32,43,3673.65,950.58,13,114.8
2017-12-21,32,35,3067.51,792.03,6,95.86
2017-12-22,29,36,3782.07,864.41,17,130.42
2017-12-23,31,44,4807.17,1081.69,11,155.07
2017-12-24,25,31,3032.76,677.53,4,121.31
2017-12-25,29,34,2840.04,833.16,8,97.93
2017-12-26,35,49,4434.46,1152.17,10,126.7
2017-12-27,32,41,3540.32,859.94,6,110.64
2017-12-28,30,37,3663.79,756.43,6,122.13
2017-12-29,25,31,2575.45,738.88,3,103.02
2017-12-30,42,53,4738.43,1246.16,5,112.82
2017-12-31,32,39,3215.66,908.12,5,100.49
2018-01-01,39,51,4781.88,1077.58,10,122.61
2018-01-02,35,38,3437.39,975.36,5,98.21
2018-01-03,33,39,4238.68,987.32,12,128.44
2018-01-04,44,57,5632.83,1304.9,17,128.02
2018-01-05,28,34,3103.51,797.77,4,110.84
2018-01-06,41,49,3916.36,996.86,17,95.52
2018-01-07,31,41,4212.36,1058.91,8,135.88
2018-01-08,41,45,4575.3,1063.31,10,111.59
2018-01-09,27,33,3212.64,588.96,10,118.99
2018-01-10,24,30,2522.49,611.68,6,105.1
2018-01-11,27,33,2837.22,671.01,5,105.08
2018-01-12,34,39,3353.65,804.51,5,98.64
2018-01-13,38,49,4958.0,1159.65,12,130.47
2018-01-14,38,48,5580.73,1315.98,8,146.86
2018-01-15,26,30,2954.15,621.43,5,113.62
2018-01-16,27,36,3474.56,682.97,8,128.69
2018-01-17,47,62,5484.61,1442.32,16,116.69
2018-01-18,31,40,4045.76,837.23,9,130.51
2018-01-19,22,28,2297.53,661.64,8,104.43
2018-01-20,34,42,3426.83,928.6,19,100.79
2018-01-21,38,45,4540.87,961.64,9,119.5
2018-01-22,31,38,3393.88,899.03,9,109.48
2018-01-23,24,32,3030.03,785.75,5,126.25
2018-01-24,34,45,4438.9,1019.36,10,130.56
2018-01-25,47,58,5890.41,1273.44,17,125.33
2018-01-26,36,45,3437.71,873.76,13,95.49
2018-01-27,40,51,5575.82,1085.96,11,139.4
2018-01-28,34,38,3707.98,897.5,13,109.06
2018-01-29,37,47,5279.39,1031.65,13,142.69
2018-01-30,29,36,2773.66,752.4,8,95.64
2018-01-31,39,50,4949.93,1091.81,10,126.92
2018-02-01,30,36,3599.3,880.07,10,119.98
2018-02-02,51,65,5729.97,1458.65,14,112.35
2018-02-03,33,40,3931.39,775.6,4,119.13
2018-02-04,24,32,3475.04,735.51,5,144.79
2018-02-05,26,36,2932.74,837.04,6,112.8
2018-02-06,29,36,3964.55,893.8,10,136.71
2018-02-07,30,31,2939.68,702.31,2,97.99
2018-02-08,36,42,4144.3,1074.29,13,115.12
2018-02-09,32,37,3724.29,821.85,7,116.38
2018-02-10,40,55,5336.01,1307.53,14,133.4
2018-02-11,33,42,3746.83,982.3,7,113.54
2018-02-12,26,32,3490.71,840.86,10,134.26
2018-02-13,30,35,3426.79,748.85,3,114.23
2018-02-14,40,56,4745.36,1301.86,11,118.63
2018-02-15,29,40,3630.97,878.77,9,125.21
2018-02-16,36,45,4038.18,1008.94,10,112.17
2018-02-17,20,25,2451.48,550.85,9,122.57
2018-02-18,35,47,3944.43,886.3,14,112.7
2018-02-19,43,51,4823.8,1319.03,10,112.18
2018-02-20,32,45,4775.72,1039.72,6,149.24
2018-02-21,33,45,4155.98,1099.91,9,125.94
2018-02-22,22,29,2309.96,605.99,7,105.0
2018-02-23,33,45,3627.59,1056.05,11,109.93
2018-02-24,37,45,4004.07,1002.19,9,108.22
2018-02-25,28,29,3087.53,697.25,5,110.27
2018-02-26,27,29,2711.9,534.55,6,100.44
2018-02-27,35,43,4573.51,994.23,8,130.67
2018-02-28,38,44,3794.48,1071.7,9,99.85
2018-03-01,21,26,2373.16,643.5,3,113.01
2018-03-02,43,48,5037.81,1058.58,11,117.16
2018-03-03,31,39,3698.3,903.66,10,119.3
2018-03-04,33,40,3792.57,891.34,5,114.93
2018-03-05,25,37,3273.53,713.99,10,130.94
2018-03-06,32,40,3989.73,930.28,12,124.68
2018-03-07,26,33,2809.15,719.31,4,108.04
2018-03-08,34,38,3638.21,804.75,9,107.01
2018-03-09,35,42,4225.75,941.86,9,120.74
2018-03-10,24,30,2884.74,654.52,5,120.2
2018-03-11,33,39,3644.62,854.09,7,110.44
2018-03-12,29,36,4281.43,867.65,9,147.64
2018-03-13,39,51,4628.65,1086.64,6,118.68
2018-03-14,50,65,6585.61,1550.93,20,131.71
2018-03-15,36,43,4360.22,1092.17,8,121.12
2018-03-16,28,39,3523.41,916.25,7,125.84
2018-03-17,31,41,4763.67,873.73,15,153.67
2018-03-18,23,25,2507.87,477.48,4,109.04
2018-03-19,34,43,3899.41,917.27,10,114.69
2018-03-20,20,25,3013.14,653.7,2,150.66
2018-03-21,36,43,4447.99,983.24,5,123.56
2018-03-22,24,28,2778.13,575.41,7,115.76
2018-03-23,30,37,3738.76,834.04,5,124.63
2018-03-24,36,44,3794.62,1071.07,12,105.41
2018-03-25,36,44,4404.82,954.5,11,122.36
2018-03-26,27,31,3450.74,694.91,6,127.81
2018-03-27,33,42,3048.76,1047.88,13,92.39
2018-03-28,26,30,2152.73,566.0,8,82.8
2018-03-29,29,39,3498.22,871.43,7,120.63
2018-03-30,29,38,3198.06,918.02,12,110.28
2018-03-31,29,39,3498.82,909.67,14,120.65
2018-04-01,30,41,4683.95,1018.49,5,156.13
2018-04-02,34,37,3249.54,889.72,8,95.57
2018-04-03,35,40,3531.3,860.08,5,100.89
2018-04-04,32,45,4387.16,1086.52,6,137.1
2018-04-05,35,39,3745.71,783.21,12,107.02
2018-04-06,28,38,4423.28,803.39,7,157.97
2018-04-07,38,49,4826.27,1093.05,12,127.01
2018-04-08,31,41,4118.67,827.45,12,132.86
2018-04-09,28,33,3153.46,748.01,10,112.62
2018-04-10,31,34,2838.57,790.51,2,91.57
2018-04-11,25,37,3259.8,759.8,10,130.39
2018-04-12,28,33,2716.37,640.31,11,97.01
2018-04-13,27,34,2983.94,768.85,6,110.52
2018-04-14,26,32,3217.42,705.61,9,123.75
2018-04-15,39,44,4658.09,1063.0,9,119.44
2018-04-16,18,19,1538.18,384.49,1,85.45
2018-04-17,39,43,4094.69,1076.1,9,104.99
2018-04-18,43,47,4232.98,1177.56,8,98.44
2018-04-19,46,63,5811.68,1252.69,17,126.34
2018-04-20,42,53,5082.57,1101.6,11,121.01
2018-04-21,27,33,2970.03,791.39,10,110.0
2018-04-22,39,45,4253.02,971.14,12,109.05
2018-04-23,35,41,4168.69,953.77,12,119.11
2018-04-24,32,40,4001.59,980.92,12,125.05
2018-04-25,24,29,3290.76,637.45,6,137.12
2018-04-26,32,38,3201.02,858.27,9,100.03
2018-04-27,40,50,4926.67,1191.93,14,123.17
2018-04-28,30,38,4206.31,894.55,11,140.21
2018-04-29,39,52,5064.55,1145.42,19,129.86
2018-04-30,34,42,3606.29,1046.01,7,106.07
2018-05-01,30,40,3749.78,873.42,4,124.99
2018-05-02,34,41,3510.46,865.79,2,103.25
2018-05-03,44,60,6093.96,1300.4,17,138.5
2018-05-04,32,43,4592.37,1015.67,9,143.51
2018-05-05,23,32,3172.93,628.36,7,137.95
2018-05-06,40,53,5239.39,1292.19,7,130.98
2018-05-07,29,38,3523.96,883.51,9,121.52
2018-05-08,32,38,3230.69,805.42,11,100.96
2018-05-09,25,33,3246.64,860.2,5,129.87
2018-05-10,41,55,5611.66,1146.0,11,136.87
2018-05-11,31,36,3389.87,908.08,8,109.35
2018-05-12,35,40,4071.0,915.34,12,116.31
2018-05-13,31,39,3447.78,868.81,13,111.22
2018-05-14,28,36,3100.2,841.32,9,110.72
2018-05-15,35,44,4197.66,955.91,7,119.93
2018-05-16,27,38,3511.1,803.42,6,130.04
2018-05-17,25,28,2742.21,601.49,5,109.69
2018-05-18,42,49,4096.19,921.88,16,97.53
2018-05-19,33,46,4460.62,1161.46,8,135.17
2018-05-20,29,42,4400.51,1025.0,10,151.74
2018-05-21,34,36,3202.94,680.55,9,94.2
2018-05-22,33,40,4079.48,949.72,11,123.62
2018-05-23,36,45,4000.97,1037.9,8,111.14
2018-05-24,32,41,3651.63,851.12,15,114.11
2018-05-25,35,44,3739.16,983.12,10,106.83
2018-05-26,36,49,4319.06,1193.36,15,119.97
2018-05-27,31,36,3269.27,898.14,8,105.46
2018-05-28,27,30,2649.61,803.12,9,98.13
2018-05-29,45,58,6049.72,1399.64,12,134.44
2018-05-30,41,51,5299.17,1051.12,10,129.25
2018-05-31,27,37,3490.47,814.74,12,129.28
2018-06-01,29,33,2643.33,738.98,10,91.15
2018-06-02,27,35,2702.3,822.21,5,100.09
2018-06-03,28,32,2965.62,620.61,7,105.92
2018-06-04,34,45,3237.98,981.39,8,95.23
2018-06-05,30,39,3579.77,925.07,10,119.33
2018-06-06,40,55,4840.97,1129.04,7,121.02
2018-06-07,34,45,4088.49,1097.08,14,120.25
2018-06-08,32,39,3244.54,845.96,17,101.39
2018-06-09,37,44,4744.41,1110.39,9,128.23
2018-06-10,28,36,3359.59,758.45,2,119.99
2018-06-11,47,59,6095.82,1316.28,10,129.7
2018-06-12,37,45,3590.45,979.13,6,97.04
2018-06-13,27,35,3338.17,744.66,14,123.64
2018-06-14,33,43,4431.59,985.97,11,134.29
2018-06-15,32,39,4182.32,898.5,5,130.7
2018-06-16,33,44,3640.82,840.7,13,110.33
2018-06-17,31,38,3174.81,931.81,6,102.41
2018-06-18,36,46,4613.65,1040.49,11,128.16
2018-06-19,44,55,5026.42,1252.55,16,114.24
2018-06-20,27,36,2933.69,745.78,11,108.66
2018-06-21,30,42,4282.76,841.07,2,142.76
2018-06-22,33,46,3775.9,1067.28,11,114.42
2018-06-23,29,36,3558.13,768.62,10,122.69
2018-06-24,32,44,5126.1,963.11,11,160.19
2018-06-25,21,26,2695.92,502.17,1,128.38
2018-06-26,38,43,4296.01,955.37,11,113.05
2018-06-27,40,53,5414.08,1230.09,12,135.35
2018-06-28,39,52,4536.87,1123.86,15,116.33
2018-06-29,28,29,2796.89,531.97,9,99.89
2018-06-30,32,37,3336.47,712.63,7,104.26
2018-07-01,24,29,2993.33,662.85,12,124.72
2018-07-02,42,58,5800.62,1189.71,11,138.11
2018-07-03,25,33,3354.52,798.08,8,134.18
2018-07-04,33,38,3072.34,787.24,7,93.1
2018-07-05,32,46,4065.27,1011.85,7,127.04
2018-07-06,36,43,4206.05,979.09,8,116.83
2018-07-07,24,30,2659.2,614.11,7,110.8
2018-07-08,26,31,2875.63,659.41,6,110.6
2018-07-09,36,48,4572.64,1096.98,11,127.02
2018-07-10,23,28,3574.93,658.69,6,155.43
2018-07-11,28,32,2882.71,765.07,6,102.95
2018-07-12,35,45,4935.32,934.4,9,141.01
2018-07-13,31,36,3812.47,829.52,5,122.98
2018-07-14,39,45,4359.43,1015.89,11,111.78
2018-07-15,30,36,4051.72,777.12,5,135.06
2018-07-16,31,38,3270.75,886.87,12,105.51
2018-07-17,43,51,4481.36,1144.64,12,104.22
2018-07-18,38,50,4146.44,1176.56,11,109.12
2018-07-19,38,49,4031.08,1178.36,13,106.08
2018-07-20,29,33,3212.08,705.17,6,110.76
2018-07-21,37,40,4537.82,884.98,3,122.64
2018-07-22,34,42,3887.73,988.28,10,114.35
2018-07-23,44,57,5093.34,1221.63,15,115.76
2018-07-24,26,30,2923.63,835.71,4,112.45
2018-07-25,30,33,2767.89,681.63,6,92.26
2018-07-26,21,26,2394.35,622.35,3,114.02
2018-07-27,36,44,3838.17,1061.36,5,106.62
2018-07-28,35,51,5334.37,1127.47,14,152.41
2018-07-29,32,36,2957.86,753.13,5,92.43
2018-07-30,43,62,6030.72,1523.24,12,140.25
2018-07-31,33,39,4142.22,1004.99,10,125.52
2018-08-01,30,35,3442.91,824.14,9,114.76
2018-08-02,37,49,5418.38,1103.88,12,146.44
2018-08-03,33,39,4184.31,829.23,5,126.8
2018-08-04,41,52,5652.98,1081.08,7,137.88
2018-08-05,22,27,2111.45,621.16,8,95.98
2018-08-06,32,37,4289.08,765.31,7,134.03
2018-08-07,32,39,3937.21,906.48,9,123.04
2018-08-08,32,43,4068.16,1020.4,11,127.13
2018-08-09,30,40,3720.18,893.88,7,124.01
2018-08-10,38,46,3741.8,977.93,10,98.47
2018-08-11,48,64,5717.78,1492.03,14,119.12
2018-08-12,32,42,4383.6,977.22,6,136.99
2018-08-13,23,31,3104.03,598.29,11,134.96
2018-08-14,23,25,2936.71,602.59,4,127.68
2018-08-15,24,34,3308.9,737.18,11,137.87
2018-08-16,32,43,3642.57,920.62,9,113.83
2018-08-17,35,50,5064.36,1183.33,7,144.7
2018-08-18,44,57,4873.26,1430.5,14,110.76
2018-08-19,31,37,3397.85,806.72,3,109.61
2018-08-20,16,19,2302.07,435.89,7,143.88
2018-08-21,38,48,4576.96,1099.8,15,120.45
2018-08-22,29,36,3004.64,641.0,2,103.61
2018-08-23,38,48,5557.34,1063.73,10,146.25
2018-08-24,27,33,3813.68,727.19,7,141.25
2018-08-25,43,51,5365.97,1122.03,8,124.79
2018-08-26,39,49,4702.45,934.97,13,120.58
2018-08-27,30,41,3560.46,960.07,9,118.68
2018-08-28,46,61,5993.89,1263.02,15,130.3
2018-08-29,42,55,5624.36,1276.82,12,133.91
2018-08-30,39,48,4647.69,973.41,6,119.17
