run_id,run_ts,checks,passed,warned,failed,pass_rate,health_score
d4ca61c4-ff04-46dd-8a90-ffb9a0011415,2026-10-03 15:34:41.610191,90,89,1,0,98.9,99.4
5e5432d9-40ed-4b09-8c2c-f8d343b69660,2026-10-03 12:57:17.040788,75,74,1,0,98.7,99.3
39d661af-79e9-4d61-bccb-b3ccaffb5209,2026-10-03 09:35:11.862408,75,74,1,0,98.7,99.3
68c9ddf1-c91e-4125-af5f-a6c858efb1c4,2026-10-03 09:14:40.186126,75,74,1,0,98.7,99.3
9c76a991-e108-4694-850b-2845e5ae5d69,2026-10-03 08:38:42.872160,8,7,1,0,87.5,93.8
ea5b2a8d-6b79-46d9-9968-a630749851e1,2026-10-03 08:21:42.263481,8,7,1,0,87.5,93.8
66220c8a-ff6a-4185-8b57-cdcd2f13e4f3,2026-10-03 07:41:32.857541,7,6,1,0,85.7,92.9
eb670ba0-2608-4f8c-8888-c15f6548e532,2026-10-03 05:26:53.825696,7,6,1,0,85.7,92.9
a24aff99-1c8b-40ac-8fa2-a9dc250ba736,2026-10-03 05:17:24.535679,7,6,1,0,85.7,92.9
0f3b40b6-47e4-4d2d-b11a-f6258f416ea6,2026-10-02 11:28:31.299928,7,7,0,0,100.0,100.0
