order_id,order_item_id,date_key,order_status,order_purchase_timestamp,price,freight_value,delivery_days,is_late
ord00018483,1,20180830,delivered,2018-08-30 23:44:41,194.54,7.38,5.0,0
ord00009701,1,20180830,processing,2018-08-30 23:38:05,38.93,11.0,,0
ord00017734,1,20180830,delivered,2018-08-30 23:18:43,66.87,9.28,14.0,1
ord00000310,1,20180830,delivered,2018-08-30 23:13:53,173.23,10.11,18.0,0
ord00000310,2,20180830,delivered,2018-08-30 23:13:53,61.6,29.57,18.0,0
ord00011806,1,20180830,delivered,2018-08-30 23:13:20,238.27,37.0,5.0,0
ord00016150,1,20180830,delivered,2018-08-30 23:05:51,211.17,33.72,14.0,0
ord00016150,2,20180830,delivered,2018-08-30 23:05:51,115.09,10.07,14.0,0
ord00012946,1,20180830,delivered,2018-08-30 22:41:15,100.46,32.24,7.0,0
ord00003672,1,20180830,delivered,2018-08-30 21:28:56,153.14,25.45,4.0,0
ord00006859,1,20180830,delivered,2018-08-30 20:30:10,83.45,10.28,9.0,0
ord00003515,1,20180830,delivered,2018-08-30 19:49:43,26.55,10.1,19.0,0
ord00003515,2,20180830,delivered,2018-08-30 19:49:43,45.39,23.92,19.0,0
ord00008570,1,20180830,delivered,2018-08-30 19:48:29,176.85,26.27,4.0,0
ord00005219,1,20180830,delivered,2018-08-30 19:32:38,81.27,24.8,9.0,0
ord00002276,1,20180830,delivered,2018-08-30 19:30:12,23.16,10.93,24.0,0
ord00017577,1,20180830,delivered,2018-08-30 19:17:06,27.94,22.15,4.0,0
ord00017172,1,20180830,delivered,2018-08-30 19:03:42,86.14,14.6,12.0,0
ord00010874,1,20180830,delivered,2018-08-30 17:34:30,183.29,13.39,7.0,0
ord00011213,1,20180830,delivered,2018-08-30 17:06:10,197.43,27.35,5.0,0
ord00007220,1,20180830,delivered,2018-08-30 16:23:23,146.91,5.3,10.0,0
ord00007220,2,20180830,delivered,2018-08-30 16:23:23,62.47,9.34,10.0,0
ord00001009,1,20180830,delivered,2018-08-30 14:47:54,46.21,25.95,12.0,0
ord00007694,1,20180830,shipped,2018-08-30 13:35:49,51.09,7.15,,0
ord00016826,2,20180830,delivered,2018-08-30 13:30:25,53.11,25.96,16.0,0
ord00016826,1,20180830,delivered,2018-08-30 13:30:25,117.36,32.05,16.0,0
ord00014750,1,20180830,delivered,2018-08-30 12:30:44,87.1,35.8,20.0,1
ord00004668,1,20180830,delivered,2018-08-30 11:13:25,33.5,32.71,21.0,0
ord00016750,1,20180830,delivered,2018-08-30 10:50:37,111.86,10.37,9.0,0
ord00016750,2,20180830,delivered,2018-08-30 10:50:37,94.95,30.63,9.0,0
ord00008806,1,20180830,delivered,2018-08-30 10:48:09,256.48,37.01,21.0,1
ord00010325,1,20180830,processing,2018-08-30 08:19:49,106.39,6.83,,0
ord00018047,1,20180830,shipped,2018-08-30 08:00:49,24.71,9.22,,0
ord00008331,1,20180830,delivered,2018-08-30 07:12:44,52.08,7.36,3.0,0
ord00008395,1,20180830,delivered,2018-08-30 06:51:53,74.4,11.37,25.0,0
ord00012753,1,20180830,delivered,2018-08-30 06:27:12,110.41,36.39,16.0,1
ord00006194,1,20180830,delivered,2018-08-30 05:44:41,29.18,5.08,24.0,0
ord00004985,1,20180830,delivered,2018-08-30 04:38:18,100.26,19.86,24.0,1
ord00013643,1,20180830,delivered,2018-08-30 04:12:43,118.63,26.55,4.0,0
ord00009895,1,20180830,delivered,2018-08-30 04:08:41,32.53,24.05,18.0,0
ord00009895,3,20180830,delivered,2018-08-30 04:08:41,38.79,30.56,18.0,0
ord00009895,2,20180830,delivered,2018-08-30 04:08:41,162.88,9.64,18.0,0
ord00007422,1,20180830,delivered,2018-08-30 03:00:53,80.73,8.18,4.0,0
ord00001951,1,20180830,delivered,2018-08-30 02:10:37,9.18,14.32,13.0,0
ord00001951,2,20180830,delivered,2018-08-30 02:10:37,44.11,27.41,13.0,0
ord00011822,1,20180830,delivered,2018-08-30 01:27:31,93.74,18.62,8.0,0
ord00003659,1,20180830,delivered,2018-08-30 00:29:31,77.03,39.22,21.0,1
ord00009104,1,20180830,delivered,2018-08-30 00:16:50,146.83,36.87,9.0,0
ord00014700,1,20180829,delivered,2018-08-29 23:49:23,108.4,20.89,7.0,0
ord00001926,3,20180829,delivered,2018-08-29 22:00:50,80.65,12.37,17.0,1
