pipeline_run_id,flow_name,status,start_ts,end_ts,duration_seconds,task_attempts,failed_attempts,retried_attempts,first_failed_task,rows_inserted,rows_updated,rows_rejected,error
d4ca61c4-ff04-46dd-8a90-ffb9a0011415,ecommerce-daily,SUCCESS,2026-10-03 15:26:15.080565,2026-10-03 15:36:01.859016,587.079,5,0,0,,221672.0,0.0,0.0,
cd92d289-149f-427c-99bf-f3564a5f76eb,ecommerce-lake-maintenance,SUCCESS,2026-10-03 13:56:57.789726,2026-10-03 14:01:56.790781,299.242,1,0,0,,0.0,0.0,0.0,
cf274057-8db8-4900-9515-07664cbda687,ecommerce-lake-maintenance,SUCCESS,2026-10-03 13:01:49.620752,2026-10-03 13:47:27.995144,2739.276,1,0,0,,0.0,0.0,0.0,
5e5432d9-40ed-4b09-8c2c-f8d343b69660,ecommerce-daily,SUCCESS,2026-10-03 12:48:12.694792,2026-10-03 12:59:24.758153,672.519,5,0,0,,221672.0,0.0,0.0,
39d661af-79e9-4d61-bccb-b3ccaffb5209,ecommerce-daily,SUCCESS,2026-10-03 09:34:51.573639,2026-10-03 09:36:52.161979,120.813,2,0,0,,0.0,0.0,0.0,
68c9ddf1-c91e-4125-af5f-a6c858efb1c4,ecommerce-daily,SUCCESS,2026-10-03 08:58:15.898975,2026-10-03 09:16:45.230657,1111.616,5,0,0,,221672.0,0.0,0.0,
9c76a991-e108-4694-850b-2845e5ae5d69,ecommerce-daily,SUCCESS,2026-10-03 08:22:05.825627,2026-10-03 08:38:44.351059,999.16,5,0,0,,221672.0,0.0,0.0,
ea5b2a8d-6b79-46d9-9968-a630749851e1,ecommerce-daily,SUCCESS,2026-10-03 08:12:57.960097,2026-10-03 08:21:43.579708,526.019,5,0,0,,221672.0,0.0,0.0,
66220c8a-ff6a-4185-8b57-cdcd2f13e4f3,ecommerce-daily,SUCCESS,2026-10-03 05:44:59.534776,2026-10-03 07:41:34.441038,565.255,5,0,0,,221672.0,0.0,0.0,
eb670ba0-2608-4f8c-8888-c15f6548e532,ecommerce-daily,SUCCESS,2026-10-03 05:19:07.429088,2026-10-03 05:26:56.551370,469.274,5,0,0,,221672.0,0.0,0.0,
a24aff99-1c8b-40ac-8fa2-a9dc250ba736,ecommerce-daily,SUCCESS,2026-10-03 05:09:39.023233,2026-10-03 05:17:25.756351,466.976,5,0,0,,241672.0,0.0,0.0,
