month,orders,customers,new_customers,returning_customers,items_sold,revenue,freight,avg_order_value,late_delivery_pct
2017-01,993,986,986,0,1276.0,128543.09,28898.99,129.45,22.6
2017-02,894,888,871,17,1134.0,106670.91,25694.84,119.32,22.8
2017-03,1054,1042,1005,37,1294.0,121757.49,28913.07,115.52,21.1
2017-04,953,941,889,52,1175.0,111124.65,26605.98,116.61,20.4
2017-05,1026,1013,920,93,1285.0,122082.04,28672.93,118.99,22.6
2017-06,947,937,841,96,1197.0,113130.04,27556.88,119.46,20.6
2017-07,993,984,865,119,1249.0,115831.0,27734.7,116.65,23.0
2017-08,923,916,791,125,1119.0,108772.96,25011.97,117.85,20.2
2017-09,953,943,812,131,1189.0,113209.6,26638.17,118.79,23.2
2017-10,993,982,808,174,1229.0,117367.54,26882.3,118.19,22.4
2017-11,953,948,757,191,1220.0,114749.25,27528.11,120.41,21.8
2017-12,957,941,752,189,1207.0,110939.33,27329.25,115.92,20.9
2018-01,1056,1047,799,248,1309.0,125065.06,29260.29,118.43,24.1
2018-02,908,903,687,216,1137.0,107116.56,26106.0,117.97,21.3
2018-03,962,958,714,244,1195.0,114942.63,26977.87,119.48,22.1
2018-04,987,976,684,292,1210.0,116242.56,27301.29,117.77,23.6
2018-05,1023,1011,701,310,1298.0,123140.46,29336.2,120.37,23.1
2018-06,988,978,652,326,1251.0,116253.87,27461.22,117.67,22.5
2018-07,1014,1003,634,369,1259.0,120265.99,28576.38,118.61,20.8
2018-08,1006,999,590,409,1279.0,126145.03,28269.9,125.39,21.6
