revenue_rank,product_id,category,orders,units_sold,revenue,avg_price,revenue_share_pct,first_sale,last_sale
1,prd000673,garden_tools,20,20,2556.48,127.82,0.11,2017-01-17,2018-08-09
2,prd000074,electronics,22,22,2543.22,115.6,0.109,2017-01-13,2018-07-18
3,prd001086,baby,25,25,2495.03,99.8,0.107,2017-01-11,2018-08-17
4,prd001554,computers,20,20,2481.47,124.07,0.106,2017-01-20,2018-08-01
5,prd000091,unknown,22,22,2430.94,110.5,0.104,2017-02-06,2018-08-28
6,prd000788,unknown,18,18,2426.62,134.81,0.104,2017-01-15,2018-07-30
7,prd001856,sports_leisure,20,20,2409.86,120.49,0.103,2017-01-06,2018-05-15
8,prd001830,computers,14,14,2390.58,170.76,0.102,2017-01-16,2018-08-12
9,prd000653,toys,23,23,2385.14,103.7,0.102,2017-05-18,2018-08-26
10,prd000483,health_beauty,18,18,2337.4,129.86,0.1,2017-01-16,2018-07-17
11,prd000197,furniture,22,22,2328.26,105.83,0.1,2017-01-21,2018-08-28
12,prd001117,pet_shop,19,19,2318.51,122.03,0.099,2017-02-06,2018-05-23
13,prd001494,sports_leisure,20,20,2307.02,115.35,0.099,2017-02-28,2018-08-24
14,prd000394,auto,15,15,2303.01,153.53,0.099,2017-01-05,2018-08-19
15,prd001380,books,18,18,2298.7,127.71,0.099,2017-01-09,2018-08-07
16,prd001054,baby,19,19,2279.65,119.98,0.098,2017-01-03,2018-07-02
17,prd000990,books,19,19,2278.1,119.9,0.098,2017-02-03,2018-07-19
18,prd000803,furniture,22,22,2267.44,103.07,0.097,2017-01-12,2018-08-30
19,prd000915,furniture,21,21,2258.99,107.57,0.097,2017-01-04,2018-08-23
20,prd001436,health_beauty,19,19,2244.29,118.12,0.096,2017-02-01,2018-08-07
21,prd001980,bed_bath_table,20,20,2239.37,111.97,0.096,2017-01-08,2018-08-25
22,prd001522,electronics,17,17,2228.65,131.1,0.096,2017-01-13,2018-06-16
23,prd000705,bed_bath_table,20,20,2216.36,110.82,0.095,2017-02-14,2018-07-15
24,prd001936,pet_shop,17,17,2195.38,129.14,0.094,2017-04-04,2018-08-25
25,prd000412,health_beauty,21,21,2192.52,104.41,0.094,2017-02-13,2018-08-14
26,prd000013,housewares,21,21,2182.3,103.92,0.094,2017-02-19,2018-08-09
27,prd001096,furniture,19,19,2177.13,114.59,0.093,2017-01-22,2018-07-11
28,prd001299,toys,20,20,2173.54,108.68,0.093,2017-03-22,2018-08-14
29,prd001322,housewares,20,20,2168.78,108.44,0.093,2017-02-18,2018-07-19
30,prd000656,auto,19,19,2163.56,113.87,0.093,2017-01-02,2018-06-17
31,prd000613,watches_gifts,17,17,2160.16,127.07,0.093,2017-02-04,2018-07-19
32,prd001751,bed_bath_table,21,21,2155.87,102.66,0.092,2017-01-13,2018-08-12
33,prd001206,housewares,16,16,2155.37,134.71,0.092,2017-02-13,2018-08-17
34,prd000128,sports_leisure,19,19,2150.54,113.19,0.092,2017-02-10,2018-08-28
35,prd001969,perfumery,14,14,2150.39,153.6,0.092,2017-01-22,2018-08-22
36,prd000600,pet_shop,21,21,2141.09,101.96,0.092,2017-01-18,2018-08-28
37,prd000447,perfumery,20,20,2137.12,106.86,0.092,2017-01-25,2018-08-17
38,prd000544,pet_shop,18,18,2136.22,118.68,0.092,2017-01-09,2018-07-01
39,prd001215,electronics,22,22,2136.12,97.1,0.092,2017-01-04,2018-08-23
40,prd000159,perfumery,15,15,2128.45,141.9,0.091,2017-01-19,2018-07-17
41,prd001797,health_beauty,21,21,2126.73,101.27,0.091,2017-05-08,2018-08-29
42,prd001546,baby,23,23,2125.18,92.4,0.091,2017-01-19,2018-08-15
43,prd001734,computers,15,15,2109.02,140.6,0.09,2017-03-15,2018-07-10
44,prd000893,pet_shop,21,21,2108.15,100.39,0.09,2017-01-05,2018-08-22
45,prd001156,health_beauty,18,18,2100.08,116.67,0.09,2017-01-31,2018-06-14
46,prd000203,books,21,21,2098.61,99.93,0.09,2017-01-11,2018-07-05
47,prd000783,electronics,16,16,2094.49,130.91,0.09,2017-01-20,2018-08-01
48,prd001196,computers,16,16,2085.6,130.35,0.089,2017-01-06,2018-08-27
49,prd000267,pet_shop,19,19,2084.59,109.72,0.089,2017-01-15,2018-07-21
50,prd001364,watches_gifts,17,17,2078.36,122.26,0.089,2017-01-05,2018-05-01
