task_name,table_name,rows_read,inserted,updated,rejected,duration_seconds,status
extract-bronze,bronze.orders,2,0,0,0,41.861,SUCCESS
extract-bronze,bronze.customers,20000,20000,0,0,22.085,SUCCESS
extract-bronze,bronze.products,2000,2000,0,0,10.096,SUCCESS
extract-bronze,bronze.sellers,200,200,0,0,10.458,SUCCESS
extract-bronze,bronze.order_items,25024,25024,0,0,13.216,SUCCESS
extract-bronze,bronze.order_payments,20000,20000,0,0,11.444,SUCCESS
transform-silver,silver.orders,0,0,0,0,22.549,SUCCESS
transform-silver,silver.customers,20000,20000,0,0,65.702,SUCCESS
transform-silver,silver.products,2000,2000,0,0,30.858,SUCCESS
transform-silver,silver.sellers,200,200,0,0,42.054,SUCCESS
transform-silver,silver.order_items,25024,25024,0,0,30.471,SUCCESS
transform-silver,silver.order_payments,20000,20000,0,0,30.425,SUCCESS
load-warehouse,staging.orders,20000,20000,0,0,50.129,SUCCESS
load-warehouse,staging.customers,20000,20000,0,0,16.455,SUCCESS
load-warehouse,staging.products,2000,2000,0,0,8.703,SUCCESS
load-warehouse,staging.sellers,200,200,0,0,8.058,SUCCESS
load-warehouse,staging.order_items,25024,25024,0,0,14.565,SUCCESS
load-warehouse,staging.order_payments,20000,20000,0,0,9.574,SUCCESS
