pipeline_run_id,task_name,status,start_ts,duration_seconds,retry_count
d4ca61c4-ff04-46dd-8a90-ffb9a0011415,quality-checks,SUCCESS,2026-10-03 15:34:48.419527,73.324,0
d4ca61c4-ff04-46dd-8a90-ffb9a0011415,dbt-build,SUCCESS,2026-10-03 15:34:24.361409,24.051,0
d4ca61c4-ff04-46dd-8a90-ffb9a0011415,load-warehouse,SUCCESS,2026-10-03 15:32:15.966963,127.991,0
d4ca61c4-ff04-46dd-8a90-ffb9a0011415,transform-silver,SUCCESS,2026-10-03 15:28:17.747541,238.031,0
d4ca61c4-ff04-46dd-8a90-ffb9a0011415,extract-bronze,SUCCESS,2026-10-03 15:26:15.106879,122.204,0
cd92d289-149f-427c-99bf-f3564a5f76eb,lake-maintenance,SUCCESS,2026-10-03 13:56:57.833444,298.724,0
cf274057-8db8-4900-9515-07664cbda687,lake-maintenance,SUCCESS,2026-10-03 13:01:49.671088,2738.066,0
5e5432d9-40ed-4b09-8c2c-f8d343b69660,quality-checks,SUCCESS,2026-10-03 12:57:22.923760,121.307,0
5e5432d9-40ed-4b09-8c2c-f8d343b69660,dbt-build,SUCCESS,2026-10-03 12:57:00.760401,23.15,0
5e5432d9-40ed-4b09-8c2c-f8d343b69660,load-warehouse,SUCCESS,2026-10-03 12:54:57.734244,121.301,0
5e5432d9-40ed-4b09-8c2c-f8d343b69660,transform-silver,SUCCESS,2026-10-03 12:51:07.302307,230.252,0
5e5432d9-40ed-4b09-8c2c-f8d343b69660,extract-bronze,SUCCESS,2026-10-03 12:48:12.754058,174.275,0
39d661af-79e9-4d61-bccb-b3ccaffb5209,quality-checks,SUCCESS,2026-10-03 09:35:18.082777,94.057,0
39d661af-79e9-4d61-bccb-b3ccaffb5209,dbt-build,SUCCESS,2026-10-03 09:34:51.600765,26.469,0
68c9ddf1-c91e-4125-af5f-a6c858efb1c4,quality-checks,SUCCESS,2026-10-03 09:14:48.427864,116.385,0
68c9ddf1-c91e-4125-af5f-a6c858efb1c4,dbt-build,SUCCESS,2026-10-03 09:14:00.903139,47.518,0
68c9ddf1-c91e-4125-af5f-a6c858efb1c4,load-warehouse,SUCCESS,2026-10-03 09:10:48.854213,191.526,0
68c9ddf1-c91e-4125-af5f-a6c858efb1c4,transform-silver,SUCCESS,2026-10-03 09:04:19.580989,389.043,0
68c9ddf1-c91e-4125-af5f-a6c858efb1c4,extract-bronze,SUCCESS,2026-10-03 08:58:15.982884,361.641,0
9c76a991-e108-4694-850b-2845e5ae5d69,quality-checks,SUCCESS,2026-10-03 08:36:35.571803,128.599,0
9c76a991-e108-4694-850b-2845e5ae5d69,dbt-build,SUCCESS,2026-10-03 08:36:15.413336,20.216,0
9c76a991-e108-4694-850b-2845e5ae5d69,load-warehouse,SUCCESS,2026-10-03 08:32:39.458402,215.827,0
9c76a991-e108-4694-850b-2845e5ae5d69,transform-silver,SUCCESS,2026-10-03 08:25:50.100477,408.871,0
9c76a991-e108-4694-850b-2845e5ae5d69,extract-bronze,SUCCESS,2026-10-03 08:22:05.859598,223.355,0
ea5b2a8d-6b79-46d9-9968-a630749851e1,quality-checks,SUCCESS,2026-10-03 08:20:25.870089,77.634,0
ea5b2a8d-6b79-46d9-9968-a630749851e1,dbt-build,SUCCESS,2026-10-03 08:20:12.804765,13.07,0
ea5b2a8d-6b79-46d9-9968-a630749851e1,load-warehouse,SUCCESS,2026-10-03 08:18:31.632374,101.263,0
ea5b2a8d-6b79-46d9-9968-a630749851e1,transform-silver,SUCCESS,2026-10-03 08:15:00.781896,210.526,0
ea5b2a8d-6b79-46d9-9968-a630749851e1,extract-bronze,SUCCESS,2026-10-03 08:12:57.986708,121.687,0
3f9c48a3-a515-46ee-ad5f-cc02e3b48e53,delta-inspect,SUCCESS,2026-10-03 07:42:15.224553,37.253,0
66220c8a-ff6a-4185-8b57-cdcd2f13e4f3,quality-checks,SUCCESS,2026-10-03 07:40:36.860015,57.536,0
66220c8a-ff6a-4185-8b57-cdcd2f13e4f3,dbt-build,SUCCESS,2026-10-03 07:40:20.016371,16.923,0
66220c8a-ff6a-4185-8b57-cdcd2f13e4f3,load-warehouse,SUCCESS,2026-10-03 07:38:38.005635,101.702,0
66220c8a-ff6a-4185-8b57-cdcd2f13e4f3,transform-silver,SUCCESS,2026-10-03 05:47:22.653758,245.274,0
66220c8a-ff6a-4185-8b57-cdcd2f13e4f3,extract-bronze,SUCCESS,2026-10-03 05:44:59.559718,142.943,0
eb670ba0-2608-4f8c-8888-c15f6548e532,quality-checks,SUCCESS,2026-10-03 05:25:33.104440,83.304,0
eb670ba0-2608-4f8c-8888-c15f6548e532,dbt-build,SUCCESS,2026-10-03 05:25:17.710756,15.39,0
eb670ba0-2608-4f8c-8888-c15f6548e532,load-warehouse,SUCCESS,2026-10-03 05:23:22.107339,115.718,0
eb670ba0-2608-4f8c-8888-c15f6548e532,transform-silver,SUCCESS,2026-10-03 05:20:29.775155,171.754,0
eb670ba0-2608-4f8c-8888-c15f6548e532,extract-bronze,SUCCESS,2026-10-03 05:19:07.448629,82.315,0
a24aff99-1c8b-40ac-8fa2-a9dc250ba736,quality-checks,SUCCESS,2026-10-03 05:16:34.078700,51.634,0
a24aff99-1c8b-40ac-8fa2-a9dc250ba736,dbt-build,SUCCESS,2026-10-03 05:16:22.144163,11.932,0
a24aff99-1c8b-40ac-8fa2-a9dc250ba736,load-warehouse,SUCCESS,2026-10-03 05:14:53.390469,88.858,0
a24aff99-1c8b-40ac-8fa2-a9dc250ba736,transform-silver,SUCCESS,2026-10-03 05:11:50.859515,182.323,0
a24aff99-1c8b-40ac-8fa2-a9dc250ba736,extract-bronze,SUCCESS,2026-10-03 05:09:39.041119,131.187,0
